gene	start	end	length	strand	gc_content	genetic_code	rbs_motif	marker	evalue	bitscore	uscg	plasmid_hallmark	virus_hallmark	taxid	taxname	annotation_conjscan	annotation_amr	annotation_accessions	annotation_description
NODE_1_length_71609_cov_11815.851385_1	3	134	132	1	0.583	11	None	NA	NA	NA	0	0	0	1	NA	NA	NA	NA	NA
NODE_1_length_71609_cov_11815.851385_2	137	505	369	1	0.593	11	GGAGG	NA	NA	NA	0	0	0	1	NA	NA	NA	NA	NA
NODE_1_length_71609_cov_11815.851385_3	579	2192	1614	1	0.615	11	GGA/GAG/AGG	GENOMAD.060983.VV	4.064e-34	142	0	0	0	1246	Caudoviricetes	NA	NA	PF13086;PF13262;TIGR01073;COG1074;K19781	AAA domain
NODE_1_length_71609_cov_11815.851385_4	2189	2548	360	1	0.611	11	None	GENOMAD.067773.VV	1.251e-08	54	0	0	0	15667	Pourcelvirus	NA	NA	NA	NA
NODE_1_length_71609_cov_11815.851385_5	2563	3321	759	1	0.640	11	AGGAG	GENOMAD.133370.VV	1.025e-52	188	0	0	0	1246	Caudoviricetes	NA	NA	PF17338;PF01710;COG2826	Gene product 88; Transposase
NODE_1_length_71609_cov_11815.851385_6	3314	3505	192	1	0.568	11	AGGAG	GENOMAD.108173.VV	4.868e-11	58	0	0	0	1	NA	NA	NA	NA	NA
NODE_1_length_71609_cov_11815.851385_7	3502	3825	324	1	0.608	11	AGGAG	GENOMAD.218832.VP	1.092e-21	91	0	0	0	1246	Caudoviricetes	NA	NA	NA	NA
NODE_1_length_71609_cov_11815.851385_8	3818	4087	270	1	0.596	11	AGGA	NA	NA	NA	0	0	0	1	NA	NA	NA	NA	NA
NODE_1_length_71609_cov_11815.851385_9	4098	4292	195	1	0.610	11	GGA/GAG/AGG	NA	NA	NA	0	0	0	1	NA	NA	NA	NA	NA
NODE_1_length_71609_cov_11815.851385_10	4428	4733	306	1	0.601	11	GGA/GAG/AGG	NA	NA	NA	0	0	0	1	NA	NA	NA	NA	NA
NODE_1_length_71609_cov_11815.851385_11	4816	5100	285	1	0.579	11	AGGAG/GGAGG	NA	NA	NA	0	0	0	1	NA	NA	NA	NA	NA
NODE_1_length_71609_cov_11815.851385_12	5115	5828	714	-1	0.590	11	GGAG/GAGG	GENOMAD.225488.VP	9.996e-10	61	0	0	0	1	NA	NA	NA	PF08667;TIGR00498;COG1974;K07727	SOS regulatory protein LexA
NODE_1_length_71609_cov_11815.851385_13	6098	6706	609	-1	0.637	11	GGA/GAG/AGG	GENOMAD.153294.VP	5.439e-37	140	0	0	0	4413	Schitoviridae	NA	NA	PF02075;COG0817;TIGR00228;K01159	Holliday junction resolvasome RuvABC endonuclease subunit
NODE_1_length_71609_cov_11815.851385_14	6820	7650	831	1	0.628	11	GGA/GAG/AGG	GENOMAD.194220.VP	2.684e-06	51	0	0	0	1246	Caudoviricetes	NA	NA	PF13730;COG5529;TIGR03337	Pyocin large subunit
NODE_1_length_71609_cov_11815.851385_15	7855	9423	1569	1	0.616	11	AGGA/GGAG/GAGG	GENOMAD.125743.VV	1.138e-30	131	0	0	1	1246	Caudoviricetes	NA	NA	PF20307;TIGR03878;COG0468;K04485	Divergent DnaB-like ATPase
NODE_1_length_71609_cov_11815.851385_16	9485	10084	600	1	0.623	11	AGGAG	NA	NA	NA	0	0	0	1	NA	NA	NA	NA	NA
NODE_1_length_71609_cov_11815.851385_17	10198	10605	408	1	0.618	11	GGA/GAG/AGG	NA	NA	NA	0	0	0	1	NA	NA	NA	NA	NA
NODE_1_length_71609_cov_11815.851385_18	10605	10955	351	1	0.630	11	AGxAGG/AGGxGG	GENOMAD.087745.VV	2.498e-08	53	0	0	0	1	NA	NA	NA	NA	NA
NODE_1_length_71609_cov_11815.851385_19	10933	11517	585	1	0.624	11	None	NA	NA	NA	0	0	0	1	NA	NA	NA	NA	NA
NODE_1_length_71609_cov_11815.851385_20	11514	12464	951	1	0.642	11	AGGA	NA	NA	NA	0	0	0	1	NA	NA	NA	NA	NA
NODE_1_length_71609_cov_11815.851385_21	12454	12693	240	1	0.629	11	None	NA	NA	NA	0	0	0	1	NA	NA	NA	NA	NA
NODE_1_length_71609_cov_11815.851385_22	12690	13370	681	1	0.615	11	GGAG/GAGG	GENOMAD.209068.VC	0.0002758	44	0	0	0	1	NA	NA	NA	PF00929;COG0847;TIGR01407;K18969	DNA polymerase III, epsilon subunit or related 3'-5' exonuclease
NODE_1_length_71609_cov_11815.851385_23	13383	14342	960	1	0.620	11	AGGAG	GENOMAD.181728.VV	1.194e-17	87	0	0	1	1246	Caudoviricetes	NA	NA	PF09588;COG5377;TIGR03033	Phage-related protein, predicted endonuclease
NODE_1_length_71609_cov_11815.851385_24	14358	15092	735	1	0.619	11	AGGAG	GENOMAD.014798.VV	9.861e-39	147	0	0	0	1246	Caudoviricetes	NA	NA	NA	NA
NODE_1_length_71609_cov_11815.851385_25	15082	15345	264	1	0.640	11	AGxAGG/AGGxGG	NA	NA	NA	0	0	0	1	NA	NA	NA	NA	NA
NODE_1_length_71609_cov_11815.851385_26	15369	15866	498	1	0.608	11	GGA/GAG/AGG	GENOMAD.104660.VP	1.178e-19	88	0	0	0	1246	Caudoviricetes	NA	NA	PF07105	NinB protein
NODE_1_length_71609_cov_11815.851385_27	15866	16309	444	1	0.637	11	GGAG/GAGG	NA	NA	NA	0	0	0	1	NA	NA	NA	NA	NA
NODE_1_length_71609_cov_11815.851385_28	16309	16449	141	1	0.624	11	GGAG/GAGG	NA	NA	NA	0	0	0	1	NA	NA	NA	NA	NA
NODE_1_length_71609_cov_11815.851385_29	16446	16598	153	1	0.614	11	AGGAG	NA	NA	NA	0	0	0	1	NA	NA	NA	NA	NA
NODE_1_length_71609_cov_11815.851385_30	16585	16863	279	1	0.624	11	GGAGG	NA	NA	NA	0	0	0	1	NA	NA	NA	NA	NA
NODE_1_length_71609_cov_11815.851385_31	16860	17081	222	1	0.604	11	AGGAG	NA	NA	NA	0	0	0	1	NA	NA	NA	NA	NA
NODE_1_length_71609_cov_11815.851385_32	17078	17521	444	1	0.622	11	AGGA	GENOMAD.180939.VP	0.0001619	43	0	0	0	1246	Caudoviricetes	NA	NA	NA	NA
NODE_1_length_71609_cov_11815.851385_33	17521	17754	234	1	0.620	11	GGAG/GAGG	NA	NA	NA	0	0	0	1	NA	NA	NA	NA	NA
NODE_1_length_71609_cov_11815.851385_34	17747	18292	546	1	0.606	11	4Base/6BMM	GENOMAD.222497.VP	3.904e-21	93	0	0	0	1	NA	NA	NA	NA	NA
NODE_1_length_71609_cov_11815.851385_35	18240	18461	222	1	0.545	11	GGAG/GAGG	NA	NA	NA	0	0	0	1	NA	NA	NA	NA	NA
NODE_1_length_71609_cov_11815.851385_36	18490	18825	336	1	0.661	11	AGGAG	NA	NA	NA	0	0	0	1	NA	NA	NA	NA	NA
NODE_1_length_71609_cov_11815.851385_37	18855	22295	3441	1	0.636	11	GGA/GAG/AGG	GENOMAD.154368.VC	1.226e-107	381	0	0	0	1246	Caudoviricetes	NA	NA	PF08471;PF02867;TIGR02504	Class II vitamin B12-dependent ribonucleotide reductase; Ribonucleotide reductase, barrel domain
NODE_1_length_71609_cov_11815.851385_38	22403	22840	438	1	0.646	11	AGGAG	NA	NA	NA	0	0	0	1	NA	NA	NA	NA	NA
NODE_1_length_71609_cov_11815.851385_39	22903	23565	663	1	0.653	11	GGAG/GAGG	NA	NA	NA	0	0	0	1	NA	NA	NA	NA	NA
NODE_1_length_71609_cov_11815.851385_40	23711	24937	1227	1	0.619	11	GGAG/GAGG	GENOMAD.170647.VV	2.006e-08	59	0	0	0	1246	Caudoviricetes	NA	NA	PF09414;TIGR02306	RNA ligase, DRB0094 family
NODE_1_length_71609_cov_11815.851385_41	25133	25462	330	1	0.618	11	4Base/6BMM	GENOMAD.157734.VV	0.0002755	41	0	0	0	1246	Caudoviricetes	NA	NA	PF19698	NA
NODE_1_length_71609_cov_11815.851385_42	25459	25842	384	1	0.620	11	AGGAG	GENOMAD.146394.VC	8.25e-17	78	0	0	0	1246	Caudoviricetes	NA	NA	PF12643;COG1694	NTP pyrophosphatase, house-cleaning of non-canonical NTPs
NODE_1_length_71609_cov_11815.851385_43	25907	26296	390	1	0.633	11	AGGAG	GENOMAD.203511.VV	4.014e-17	79	0	0	0	1	NA	NA	NA	NA	NA
NODE_1_length_71609_cov_11815.851385_44	26293	26412	120	1	0.575	11	GGA/GAG/AGG	NA	NA	NA	0	0	0	1	NA	NA	NA	NA	NA
NODE_1_length_71609_cov_11815.851385_45	26489	27370	882	1	0.638	11	AGGAG	NA	NA	NA	0	0	0	1	NA	NA	NA	NA	NA
NODE_1_length_71609_cov_11815.851385_46	27420	27860	441	1	0.594	11	None	NA	NA	NA	0	0	0	1	NA	NA	NA	NA	NA
NODE_1_length_71609_cov_11815.851385_47	27847	28008	162	1	0.549	11	AGGA/GGAG/GAGG	NA	NA	NA	0	0	0	1	NA	NA	NA	NA	NA
NODE_1_length_71609_cov_11815.851385_48	28005	28172	168	1	0.589	11	GGAG/GAGG	NA	NA	NA	0	0	0	1	NA	NA	NA	NA	NA
NODE_1_length_71609_cov_11815.851385_49	28169	28405	237	1	0.629	11	AGGA	NA	NA	NA	0	0	0	1	NA	NA	NA	NA	NA
NODE_1_length_71609_cov_11815.851385_50	28408	29265	858	1	0.606	11	AGGA	GENOMAD.030736.VV	2.575e-13	73	0	0	0	1246	Caudoviricetes	NA	NA	PF00303;COG0207;TIGR03284;K00560	Thymidylate synthase
NODE_1_length_71609_cov_11815.851385_51	29262	29582	321	1	0.617	11	GGA/GAG/AGG	NA	NA	NA	0	0	0	1	NA	NA	NA	NA	NA
NODE_1_length_71609_cov_11815.851385_52	29579	29827	249	1	0.671	11	GGAG/GAGG	NA	NA	NA	0	0	0	1	NA	NA	NA	NA	NA
NODE_1_length_71609_cov_11815.851385_53	30008	31165	1158	1	0.624	11	GGA/GAG/AGG	NA	NA	NA	0	0	0	1	NA	NA	NA	NA	NA
NODE_1_length_71609_cov_11815.851385_54	31459	31725	267	1	0.640	11	GGAG/GAGG	GENOMAD.192253.VV	9.517e-08	50	0	0	0	1246	Caudoviricetes	NA	NA	NA	NA
NODE_1_length_71609_cov_11815.851385_55	31725	31946	222	1	0.703	11	AGGAG	NA	NA	NA	0	0	0	1	NA	NA	NA	NA	NA
NODE_1_length_71609_cov_11815.851385_56	32031	32414	384	1	0.648	11	GGAG/GAGG	GENOMAD.122449.VV	2.619e-12	65	0	0	0	6129	Xiamenvirus	NA	NA	PF01653	NA
NODE_1_length_71609_cov_11815.851385_57	32411	32839	429	1	0.601	11	GGAG/GAGG	NA	NA	NA	0	0	0	1	NA	NA	NA	NA	NA
NODE_1_length_71609_cov_11815.851385_58	32836	33126	291	1	0.598	11	GGAG/GAGG	NA	NA	NA	0	0	0	1	NA	NA	NA	NA	NA
NODE_1_length_71609_cov_11815.851385_59	33129	33332	204	1	0.578	11	None	NA	NA	NA	0	0	0	1	NA	NA	NA	NA	NA
NODE_1_length_71609_cov_11815.851385_60	33332	33988	657	1	0.639	11	GGA/GAG/AGG	GENOMAD.220675.VP	3.371e-12	68	0	0	0	1246	Caudoviricetes	NA	NA	NA	NA
NODE_1_length_71609_cov_11815.851385_61	33951	34547	597	-1	0.616	11	GGAG/GAGG	NA	NA	NA	0	0	0	1	NA	NA	NA	NA	NA
NODE_1_length_71609_cov_11815.851385_62	34556	34864	309	-1	0.612	11	GGA/GAG/AGG	NA	NA	NA	0	0	0	1	NA	NA	NA	NA	NA
NODE_1_length_71609_cov_11815.851385_63	35249	35752	504	1	0.637	11	3Base/5BMM	NA	NA	NA	0	0	0	1	NA	NA	NA	NA	NA
NODE_1_length_71609_cov_11815.851385_64	35749	36057	309	1	0.615	11	AGGAG	NA	NA	NA	0	0	0	1	NA	NA	NA	NA	NA
NODE_1_length_71609_cov_11815.851385_65	36054	36248	195	1	0.631	11	AGGAG	NA	NA	NA	0	0	0	1	NA	NA	NA	NA	NA
NODE_1_length_71609_cov_11815.851385_66	36248	36457	210	1	0.600	11	GGAG/GAGG	NA	NA	NA	0	0	0	1	NA	NA	NA	NA	NA
NODE_1_length_71609_cov_11815.851385_67	36520	37137	618	1	0.639	11	GGA/GAG/AGG	GENOMAD.095110.VV	0.0009458	42	0	0	0	1246	Caudoviricetes	NA	NA	COG4725	N6-adenosine-specific RNA methylase IME4
NODE_1_length_71609_cov_11815.851385_68	37134	37427	294	1	0.622	11	AGGAG	NA	NA	NA	0	0	0	1	NA	NA	NA	NA	NA
NODE_1_length_71609_cov_11815.851385_69	37452	37982	531	1	0.665	11	GGAG/GAGG	NA	NA	NA	0	0	0	1	NA	NA	NA	NA	NA
NODE_1_length_71609_cov_11815.851385_70	37993	38511	519	1	0.659	11	AGGAG	NA	NA	NA	0	0	0	1	NA	NA	NA	NA	NA
NODE_1_length_71609_cov_11815.851385_71	38511	38888	378	1	0.635	11	AGxAGG/AGGxGG	GENOMAD.216382.VP	1.189e-28	112	0	0	0	1246	Caudoviricetes	NA	NA	NA	NA
NODE_1_length_71609_cov_11815.851385_72	38888	39172	285	1	0.600	11	GGAGG	NA	NA	NA	0	0	0	1	NA	NA	NA	NA	NA
NODE_1_length_71609_cov_11815.851385_73	39172	39360	189	1	0.619	11	GGAG/GAGG	GENOMAD.108737.VV	1.174e-09	54	0	0	0	2527	Dolichocephalovirinae	NA	NA	NA	NA
NODE_1_length_71609_cov_11815.851385_74	39357	39665	309	1	0.605	11	4Base/6BMM	GENOMAD.130609.VV	4.438e-05	43	0	0	0	9502	Epseptimavirus	NA	NA	NA	NA
NODE_1_length_71609_cov_11815.851385_75	39799	40062	264	1	0.636	11	GGAG/GAGG	NA	NA	NA	0	0	0	1	NA	NA	NA	NA	NA
NODE_1_length_71609_cov_11815.851385_76	40268	40654	387	-1	0.630	11	None	NA	NA	NA	0	0	0	1	NA	NA	NA	NA	NA
NODE_1_length_71609_cov_11815.851385_77	40654	41334	681	-1	0.631	11	AGGAG	GENOMAD.207058.VP	8.013e-09	58	0	0	1	1246	Caudoviricetes	NA	NA	PF04860;PF04275;TIGR01537;K19797;COG4383	phage portal protein, HK97 family
NODE_1_length_71609_cov_11815.851385_78	41368	41835	468	-1	0.673	11	GGA/GAG/AGG	GENOMAD.119386.VV	2.049e-61	208	0	0	0	1246	Caudoviricetes	NA	NA	PF11071;TIGR03646;COG3613	YtoQ family protein
NODE_1_length_71609_cov_11815.851385_79	41865	43853	1989	-1	0.639	11	GGA/GAG/AGG	GENOMAD.104086.VV	1.613e-76	274	0	0	0	1246	Caudoviricetes	NA	NA	PF12850;TIGR00024;COG1407;K07096	putative phosphoesterase, SbcD/Mre11-related
NODE_1_length_71609_cov_11815.851385_80	44038	44367	330	-1	0.600	11	AGGA/GGAG/GAGG	GENOMAD.167655.VP	1.607e-10	59	0	0	0	1	NA	NA	NA	NA	NA
NODE_1_length_71609_cov_11815.851385_81	44367	44552	186	-1	0.629	11	GGA/GAG/AGG	NA	NA	NA	0	0	0	1	NA	NA	NA	NA	NA
NODE_1_length_71609_cov_11815.851385_82	44572	44997	426	-1	0.636	11	AGGAG	NA	NA	NA	0	0	0	1	NA	NA	NA	NA	NA
NODE_1_length_71609_cov_11815.851385_83	44990	46156	1167	-1	0.642	11	None	NA	NA	NA	0	0	0	1	NA	NA	NA	NA	NA
NODE_1_length_71609_cov_11815.851385_84	46171	47283	1113	-1	0.615	11	GGAG/GAGG	GENOMAD.209614.VP	3.038e-20	96	0	0	1	1246	Caudoviricetes	NA	NA	PF05954;K06905;COG3500;TIGR03361	Phage protein D
NODE_1_length_71609_cov_11815.851385_85	47379	47600	222	-1	0.581	11	GGA/GAG/AGG	GENOMAD.159179.VP	1.754e-10	57	0	0	1	1246	Caudoviricetes	NA	NA	COG5004;K06370	P2-like prophage tail protein X
NODE_1_length_71609_cov_11815.851385_86	47600	48148	549	-1	0.612	11	GGAG/GAGG	GENOMAD.124222.VP	2.096e-19	88	0	0	0	1246	Caudoviricetes	NA	NA	K06906;COG3499	Phage protein U
NODE_1_length_71609_cov_11815.851385_87	48205	51576	3372	-1	0.625	11	GGAG/GAGG	GENOMAD.080691.VV	3.477e-27	123	0	0	0	1	NA	NA	NA	NA	NA
NODE_1_length_71609_cov_11815.851385_88	51615	51815	201	-1	0.542	11	None	NA	NA	NA	0	0	0	1	NA	NA	NA	NA	NA
NODE_1_length_71609_cov_11815.851385_89	51776	52051	276	-1	0.580	11	GGA/GAG/AGG	GENOMAD.171929.VC	1.197e-06	47	0	0	1	1246	Caudoviricetes	NA	NA	PF10109	Phage tail assembly chaperone proteins, E, or 41 or 14
NODE_1_length_71609_cov_11815.851385_90	52132	52656	525	-1	0.592	11	GGAG/GAGG	NA	NA	NA	0	0	0	1	NA	NA	NA	NA	NA
NODE_1_length_71609_cov_11815.851385_91	52751	54187	1437	-1	0.672	11	GGAG/GAGG	GENOMAD.151363.VV	7.305e-67	239	0	0	1	1246	Caudoviricetes	NA	NA	PF10758;COG3497	Phage tail sheath protein FI
NODE_1_length_71609_cov_11815.851385_92	54252	54674	423	-1	0.598	11	GGA/GAG/AGG	NA	NA	NA	0	0	0	1	NA	NA	NA	NA	NA
NODE_1_length_71609_cov_11815.851385_93	54678	55409	732	-1	0.616	11	AGGA	NA	NA	NA	0	0	0	1	NA	NA	NA	NA	NA
NODE_1_length_71609_cov_11815.851385_94	55393	56676	1284	-1	0.613	11	None	GENOMAD.040796.VV	3.458e-42	164	0	0	0	1246	Caudoviricetes	NA	NA	NA	NA
NODE_1_length_71609_cov_11815.851385_95	56666	57295	630	-1	0.606	11	GGA/GAG/AGG	NA	NA	NA	0	0	0	1	NA	NA	NA	NA	NA
NODE_1_length_71609_cov_11815.851385_96	57306	57851	546	-1	0.661	11	GGA/GAG/AGG	NA	NA	NA	0	0	0	1	NA	NA	NA	NA	NA
NODE_1_length_71609_cov_11815.851385_97	57854	58174	321	-1	0.604	11	None	NA	NA	NA	0	0	0	1	NA	NA	NA	NA	NA
NODE_1_length_71609_cov_11815.851385_98	58181	58417	237	-1	0.603	11	GGA/GAG/AGG	NA	NA	NA	0	0	0	1	NA	NA	NA	NA	NA
NODE_1_length_71609_cov_11815.851385_99	58420	60105	1686	-1	0.623	11	GGxGG	GENOMAD.014890.VV	6.695e-24	110	0	0	0	1	NA	NA	NA	NA	NA
NODE_1_length_71609_cov_11815.851385_100	60086	60301	216	-1	0.597	11	AGGA	NA	NA	NA	0	0	0	1	NA	NA	NA	NA	NA
NODE_1_length_71609_cov_11815.851385_101	60323	62578	2256	-1	0.643	11	GGA/GAG/AGG	GENOMAD.111617.VV	1.047e-140	467	0	0	0	1246	Caudoviricetes	NA	NA	NA	NA
NODE_1_length_71609_cov_11815.851385_102	62642	63871	1230	-1	0.627	11	GGAG/GAGG	GENOMAD.118467.VP	7.937e-53	195	0	0	1	1246	Caudoviricetes	NA	NA	PF09684;TIGR01634;COG4385	phage tail protein, P2 protein I family
NODE_1_length_71609_cov_11815.851385_103	63876	64745	870	-1	0.654	11	GGAG/GAGG	GENOMAD.105501.VV	3.955e-40	153	0	0	1	1246	Caudoviricetes	NA	NA	PF03434;COG3948	Phage-related baseplate assembly protein
NODE_1_length_71609_cov_11815.851385_104	64758	65114	357	-1	0.588	11	GGAGG	GENOMAD.123275.VP	4.567e-11	61	0	0	1	1246	Caudoviricetes	NA	NA	PF04965;K06903;COG3628;TIGR03357	Phage baseplate assembly protein W
NODE_1_length_71609_cov_11815.851385_105	65098	65331	234	-1	0.641	11	AGGA/GGAG/GAGG	NA	NA	NA	0	0	0	1	NA	NA	NA	NA	NA
NODE_1_length_71609_cov_11815.851385_106	65349	66833	1485	-1	0.633	11	AGGA	NA	NA	NA	0	0	0	1	NA	NA	NA	NA	NA
NODE_1_length_71609_cov_11815.851385_107	66840	67421	582	-1	0.601	11	GGA/GAG/AGG	NA	NA	NA	0	0	0	1	NA	NA	NA	NA	NA
NODE_1_length_71609_cov_11815.851385_108	67421	67909	489	-1	0.599	11	GGAGG	GENOMAD.221358.VP	1.033e-05	47	0	0	1	1246	Caudoviricetes	NA	NA	PF05069;TIGR01635;COG5005	phage virion morphogenesis (putative tail completion) protein
NODE_1_length_71609_cov_11815.851385_109	67909	68337	429	-1	0.646	11	AGGAG	NA	NA	NA	0	0	0	1	NA	NA	NA	NA	NA
NODE_1_length_71609_cov_11815.851385_110	68353	68715	363	-1	0.656	11	GGAG/GAGG	NA	NA	NA	0	0	0	1	NA	NA	NA	NA	NA
NODE_1_length_71609_cov_11815.851385_111	68807	69787	981	-1	0.647	11	GGA/GAG/AGG	GENOMAD.106858.VP	5.156e-56	201	0	0	1	1246	Caudoviricetes	NA	NA	PF20036	Major capsid protein 13-like
NODE_1_length_71609_cov_11815.851385_112	69905	70816	912	-1	0.610	11	GGAG/GAGG	GENOMAD.028679.VV	4.96e-44	165	0	0	0	15460	Mesyanzhinovviridae	NA	NA	PF20356	NA
NODE_1_length_71609_cov_11815.851385_113	71238	71522	285	-1	0.656	11	GGAG/GAGG	NA	NA	NA	0	0	0	1	NA	NA	NA	NA	NA
NODE_2_length_54278_cov_9516.841027_1	3	62	60	-1	0.583	11	None	NA	NA	NA	0	0	0	1	NA	NA	NA	NA	NA
NODE_2_length_54278_cov_9516.841027_2	59	712	654	-1	0.615	11	AGGA	NA	NA	NA	0	0	0	1	NA	NA	NA	NA	NA
NODE_2_length_54278_cov_9516.841027_3	950	1900	951	-1	0.647	11	AGGA	NA	NA	NA	0	0	0	1	NA	NA	NA	NA	NA
NODE_2_length_54278_cov_9516.841027_4	1897	2484	588	-1	0.631	11	None	NA	NA	NA	0	0	0	1	NA	NA	NA	NA	NA
NODE_2_length_54278_cov_9516.841027_5	2462	2812	351	-1	0.630	11	AGxAGG/AGGxGG	GENOMAD.087745.VV	2.498e-08	53	0	0	0	1	NA	NA	NA	NA	NA
NODE_2_length_54278_cov_9516.841027_6	2812	3210	399	-1	0.614	11	GGA/GAG/AGG	NA	NA	NA	0	0	0	1	NA	NA	NA	NA	NA
NODE_2_length_54278_cov_9516.841027_7	3324	3938	615	-1	0.624	11	AGGAG	NA	NA	NA	0	0	0	1	NA	NA	NA	NA	NA
NODE_2_length_54278_cov_9516.841027_8	4000	5568	1569	-1	0.607	11	AGGA/GGAG/GAGG	GENOMAD.121003.VV	1.138e-30	131	0	0	0	1246	Caudoviricetes	NA	NA	K17680;TIGR00646;COG4026	DNA primase-related protein
NODE_2_length_54278_cov_9516.841027_9	5773	6609	837	-1	0.621	11	GGA/GAG/AGG	GENOMAD.194220.VP	5.659e-06	50	0	0	0	1246	Caudoviricetes	NA	NA	PF13730;COG5529;TIGR03337	Pyocin large subunit
NODE_2_length_54278_cov_9516.841027_10	6723	7331	609	1	0.645	11	GGA/GAG/AGG	GENOMAD.153294.VP	5.439e-37	140	0	0	0	4413	Schitoviridae	NA	NA	PF02075;COG0817;TIGR00228;K01159	Holliday junction resolvasome RuvABC endonuclease subunit
NODE_2_length_54278_cov_9516.841027_11	7600	8307	708	1	0.606	11	GGAG/GAGG	GENOMAD.225488.VP	9.67e-10	61	0	0	0	1	NA	NA	NA	PF08667;TIGR00498;COG1974;K07727	SOS regulatory protein LexA
NODE_2_length_54278_cov_9516.841027_12	8320	8604	285	-1	0.561	11	AGGAG/GGAGG	NA	NA	NA	0	0	0	1	NA	NA	NA	NA	NA
NODE_2_length_54278_cov_9516.841027_13	8687	8986	300	-1	0.607	11	GGA/GAG/AGG	NA	NA	NA	0	0	0	1	NA	NA	NA	NA	NA
NODE_2_length_54278_cov_9516.841027_14	9123	9317	195	-1	0.615	11	GGA/GAG/AGG	NA	NA	NA	0	0	0	1	NA	NA	NA	NA	NA
NODE_2_length_54278_cov_9516.841027_15	9362	9685	324	-1	0.602	11	GGAG/GAGG	GENOMAD.216412.VP	9.864e-23	94	0	0	0	1246	Caudoviricetes	NA	NA	NA	NA
NODE_2_length_54278_cov_9516.841027_16	9682	9927	246	-1	0.610	11	GGAG/GAGG	GENOMAD.225702.VP	0.0002245	40	0	0	0	3322	Kungbxnavirus pT24	NA	NA	PF08792;COG1405	NA
NODE_2_length_54278_cov_9516.841027_17	9927	10031	105	-1	0.543	11	AGGAG	NA	NA	NA	0	0	0	1	NA	NA	NA	NA	NA
NODE_2_length_54278_cov_9516.841027_18	10107	10865	759	-1	0.651	11	AGGAG	GENOMAD.133370.VV	1.109e-51	185	0	0	0	1246	Caudoviricetes	NA	NA	PF17338;PF01710;COG2826	Gene product 88; Transposase
NODE_2_length_54278_cov_9516.841027_19	10877	11236	360	-1	0.608	11	GGAG/GAGG	GENOMAD.067773.VV	6.139e-08	52	0	0	0	15667	Pourcelvirus	NA	NA	NA	NA
NODE_2_length_54278_cov_9516.841027_20	11233	11424	192	-1	0.594	11	None	NA	NA	NA	0	0	0	1	NA	NA	NA	NA	NA
NODE_2_length_54278_cov_9516.841027_21	11424	13037	1614	-1	0.614	11	GGA/GAG/AGG	GENOMAD.060983.VV	4.064e-34	142	0	0	0	1246	Caudoviricetes	NA	NA	PF13086;PF13262;TIGR01073;COG1074;K19781	AAA domain
NODE_2_length_54278_cov_9516.841027_22	13111	13479	369	-1	0.599	11	GGAGG	NA	NA	NA	0	0	0	1	NA	NA	NA	NA	NA
NODE_2_length_54278_cov_9516.841027_23	13482	13643	162	-1	0.593	11	GGAG/GAGG	NA	NA	NA	0	0	0	1	NA	NA	NA	NA	NA
NODE_2_length_54278_cov_9516.841027_24	13650	13988	339	-1	0.634	11	GGA/GAG/AGG	GENOMAD.027720.VV	4.513e-17	78	0	0	0	1246	Caudoviricetes	NA	NA	NA	NA
NODE_2_length_54278_cov_9516.841027_25	13995	14174	180	-1	0.572	11	AGGAG	NA	NA	NA	0	0	0	1	NA	NA	NA	NA	NA
NODE_2_length_54278_cov_9516.841027_26	14174	14653	480	-1	0.627	11	GGAG/GAGG	NA	NA	NA	0	0	0	1	NA	NA	NA	NA	NA
NODE_2_length_54278_cov_9516.841027_27	14668	16884	2217	-1	0.620	11	AGGA	GENOMAD.095085.VV	4.932e-44	176	0	0	0	1246	Caudoviricetes	NA	NA	COG0326;TIGR00585	Molecular chaperone, HSP90 family
NODE_2_length_54278_cov_9516.841027_28	16919	17944	1026	-1	0.625	11	AGGA	GENOMAD.159595.VC	9.561e-37	145	0	0	0	12190	Drulisvirus	NA	NA	PF04389;TIGR03107;K01270;COG2195	glutamyl aminopeptidase
NODE_2_length_54278_cov_9516.841027_29	17960	19591	1632	-1	0.623	11	GGAGG	GENOMAD.140384.VP	3.582e-74	263	0	0	0	12190	Drulisvirus	NA	NA	NA	NA
NODE_2_length_54278_cov_9516.841027_30	20177	20368	192	-1	0.635	11	GGAG/GAGG	NA	NA	NA	0	0	0	1	NA	NA	NA	NA	NA
NODE_2_length_54278_cov_9516.841027_31	20352	20537	186	-1	0.618	11	AGGA	NA	NA	NA	0	0	0	1	NA	NA	NA	NA	NA
NODE_2_length_54278_cov_9516.841027_32	20539	21198	660	-1	0.621	11	GGA/GAG/AGG	NA	NA	NA	0	0	0	1	NA	NA	NA	NA	NA
NODE_2_length_54278_cov_9516.841027_33	21514	21891	378	-1	0.648	11	GGA/GAG/AGG	GENOMAD.139980.VV	1.216e-44	158	0	0	0	1	NA	NA	NA	TIGR00336;COG2236	orotate phosphoribosyltransferase
NODE_2_length_54278_cov_9516.841027_34	21888	22160	273	-1	0.608	11	GGAG/GAGG	GENOMAD.224814.PV	6.386e-05	42	0	0	0	3315	Smoothievirus smoothie	NA	NA	NA	NA
NODE_2_length_54278_cov_9516.841027_35	22221	23249	1029	-1	0.656	11	AGGAG	NA	NA	NA	0	0	0	1	NA	NA	NA	NA	NA
NODE_2_length_54278_cov_9516.841027_36	23417	23869	453	1	0.627	11	GGA/GAG/AGG	NA	NA	NA	0	0	0	1	NA	NA	NA	NA	NA
NODE_2_length_54278_cov_9516.841027_37	23870	24187	318	-1	0.588	11	GGA/GAG/AGG	NA	NA	NA	0	0	0	1	NA	NA	NA	NA	NA
NODE_2_length_54278_cov_9516.841027_38	24172	25521	1350	-1	0.627	11	AGGA	NA	NA	NA	0	0	0	1	NA	NA	NA	NA	NA
NODE_2_length_54278_cov_9516.841027_39	25518	25682	165	-1	0.570	11	AGxAG	NA	NA	NA	0	0	0	1	NA	NA	NA	NA	NA
NODE_2_length_54278_cov_9516.841027_40	25660	26235	576	-1	0.608	11	AGxAGG/AGGxGG	NA	NA	NA	0	0	0	1	NA	NA	NA	NA	NA
NODE_2_length_54278_cov_9516.841027_41	26237	26434	198	-1	0.631	11	GGA/GAG/AGG	NA	NA	NA	0	0	0	1	NA	NA	NA	NA	NA
NODE_2_length_54278_cov_9516.841027_42	26492	26596	105	-1	0.610	11	None	NA	NA	NA	0	0	0	1	NA	NA	NA	NA	NA
NODE_2_length_54278_cov_9516.841027_43	26596	26997	402	-1	0.619	11	AGGA	NA	NA	NA	0	0	0	1	NA	NA	NA	NA	NA
NODE_2_length_54278_cov_9516.841027_44	27045	27308	264	-1	0.568	11	AGGAG	NA	NA	NA	0	0	0	1	NA	NA	NA	NA	NA
NODE_2_length_54278_cov_9516.841027_45	27305	27682	378	-1	0.611	11	AGGAG	NA	NA	NA	0	0	0	1	NA	NA	NA	NA	NA
NODE_2_length_54278_cov_9516.841027_46	27669	27965	297	-1	0.579	11	GGAG/GAGG	NA	NA	NA	0	0	0	1	NA	NA	NA	NA	NA
NODE_2_length_54278_cov_9516.841027_47	27979	28224	246	-1	0.589	11	AGGA	NA	NA	NA	0	0	0	1	NA	NA	NA	NA	NA
NODE_2_length_54278_cov_9516.841027_48	28229	28708	480	-1	0.608	11	GGAG/GAGG	NA	NA	NA	0	0	0	1	NA	NA	NA	NA	NA
NODE_2_length_54278_cov_9516.841027_49	28714	28884	171	-1	0.585	11	GGAG/GAGG	NA	NA	NA	0	0	0	1	NA	NA	NA	NA	NA
NODE_2_length_54278_cov_9516.841027_50	28884	29486	603	-1	0.647	11	AGGAG	GENOMAD.190097.PV	9.303e-16	78	0	0	0	1	NA	NA	NA	PF22653	NA
NODE_2_length_54278_cov_9516.841027_51	29486	29947	462	-1	0.632	11	AGGA	NA	NA	NA	0	0	0	1	NA	NA	NA	NA	NA
NODE_2_length_54278_cov_9516.841027_52	29950	30126	177	-1	0.644	11	None	NA	NA	NA	0	0	0	1	NA	NA	NA	NA	NA
NODE_2_length_54278_cov_9516.841027_53	30123	30731	609	-1	0.627	11	AGGAG	NA	NA	NA	0	0	0	1	NA	NA	NA	NA	NA
NODE_2_length_54278_cov_9516.841027_54	31015	31155	141	-1	0.582	11	GGA/GAG/AGG	GENOMAD.122207.VV	4.441e-05	40	0	0	0	1	NA	NA	NA	NA	NA
NODE_2_length_54278_cov_9516.841027_55	31173	31661	489	-1	0.613	11	GGAG/GAGG	NA	NA	NA	0	0	0	1	NA	NA	NA	NA	NA
NODE_2_length_54278_cov_9516.841027_56	31648	31845	198	-1	0.596	11	3Base/5BMM	NA	NA	NA	0	0	0	1	NA	NA	NA	NA	NA
NODE_2_length_54278_cov_9516.841027_57	32203	32370	168	-1	0.554	11	GGAG/GAGG	NA	NA	NA	0	0	0	1	NA	NA	NA	NA	NA
NODE_2_length_54278_cov_9516.841027_58	32383	32646	264	-1	0.614	11	GGAG/GAGG	GENOMAD.029891.VV	2.28e-06	46	0	0	0	1246	Caudoviricetes	NA	NA	NA	NA
NODE_2_length_54278_cov_9516.841027_59	32643	32894	252	-1	0.635	11	GGAG/GAGG	NA	NA	NA	0	0	0	1	NA	NA	NA	NA	NA
NODE_2_length_54278_cov_9516.841027_60	32891	33028	138	-1	0.681	11	GGAGG	NA	NA	NA	0	0	0	1	NA	NA	NA	NA	NA
NODE_2_length_54278_cov_9516.841027_61	33028	33264	237	-1	0.646	11	None	NA	NA	NA	0	0	0	1	NA	NA	NA	NA	NA
NODE_2_length_54278_cov_9516.841027_62	33257	33445	189	-1	0.630	11	AGGAG	NA	NA	NA	0	0	0	1	NA	NA	NA	NA	NA
NODE_2_length_54278_cov_9516.841027_63	33442	33777	336	-1	0.628	11	GGAGG	NA	NA	NA	0	0	0	1	NA	NA	NA	NA	NA
NODE_2_length_54278_cov_9516.841027_64	33774	33938	165	-1	0.703	11	GGAGG	NA	NA	NA	0	0	0	1	NA	NA	NA	NA	NA
NODE_2_length_54278_cov_9516.841027_65	33942	34391	450	-1	0.638	11	GGAG/GAGG	GENOMAD.080564.VV	3.205e-08	54	0	0	0	1246	Caudoviricetes	NA	NA	NA	NA
NODE_2_length_54278_cov_9516.841027_66	34670	34909	240	-1	0.621	11	GGAGG	NA	NA	NA	0	0	0	1	NA	NA	NA	NA	NA
NODE_2_length_54278_cov_9516.841027_67	35323	35535	213	-1	0.620	11	AGGAG	NA	NA	NA	0	0	0	1	NA	NA	NA	NA	NA
NODE_2_length_54278_cov_9516.841027_68	35528	35626	99	-1	0.626	11	GGA/GAG/AGG	NA	NA	NA	0	0	0	1	NA	NA	NA	NA	NA
NODE_2_length_54278_cov_9516.841027_69	35638	35988	351	-1	0.655	11	AGGA	NA	NA	NA	0	0	0	1	NA	NA	NA	NA	NA
NODE_2_length_54278_cov_9516.841027_70	36018	36377	360	-1	0.644	11	GGAG/GAGG	NA	NA	NA	0	0	0	1	NA	NA	NA	NA	NA
NODE_2_length_54278_cov_9516.841027_71	37098	37805	708	1	0.578	11	None	NA	NA	NA	0	0	0	1	NA	NA	NA	NA	NA
NODE_2_length_54278_cov_9516.841027_72	38173	38430	258	1	0.659	11	GGA/GAG/AGG	NA	NA	NA	0	0	0	1	NA	NA	NA	NA	NA
NODE_2_length_54278_cov_9516.841027_73	38490	38711	222	1	0.671	11	GGAG/GAGG	NA	NA	NA	0	0	0	1	NA	NA	NA	NA	NA
NODE_2_length_54278_cov_9516.841027_74	39008	39259	252	-1	0.671	11	GGAG/GAGG	NA	NA	NA	0	0	0	1	NA	NA	NA	NA	NA
NODE_2_length_54278_cov_9516.841027_75	39352	39534	183	-1	0.546	11	GGA/GAG/AGG	NA	NA	NA	0	0	0	1	NA	NA	NA	NA	NA
NODE_2_length_54278_cov_9516.841027_76	39999	40178	180	1	0.611	11	AGGAG	NA	NA	NA	0	0	0	1	NA	NA	NA	NA	NA
NODE_2_length_54278_cov_9516.841027_77	40184	40783	600	-1	0.628	11	None	NA	NA	NA	0	0	0	1	NA	NA	NA	NA	NA
NODE_2_length_54278_cov_9516.841027_78	40825	41220	396	1	0.563	11	GGA/GAG/AGG	NA	NA	NA	0	0	0	1	NA	NA	NA	NA	NA
NODE_2_length_54278_cov_9516.841027_79	41222	41563	342	-1	0.635	11	GGAG/GAGG	GENOMAD.225706.VP	1.402e-45	160	0	0	0	1	NA	NA	NA	NA	NA
NODE_2_length_54278_cov_9516.841027_80	41607	41870	264	-1	0.621	11	GGA/GAG/AGG	NA	NA	NA	0	0	0	1	NA	NA	NA	NA	NA
NODE_2_length_54278_cov_9516.841027_81	41867	42307	441	-1	0.664	11	3Base/5BMM	NA	NA	NA	0	0	0	1	NA	NA	NA	NA	NA
NODE_2_length_54278_cov_9516.841027_82	42762	42890	129	1	0.612	11	GGAG/GAGG	NA	NA	NA	0	0	0	1	NA	NA	NA	NA	NA
NODE_2_length_54278_cov_9516.841027_83	42952	43329	378	1	0.661	11	AGGA	NA	NA	NA	0	0	0	1	NA	NA	NA	NA	NA
NODE_2_length_54278_cov_9516.841027_84	43326	43574	249	1	0.671	11	None	NA	NA	NA	0	0	0	1	NA	NA	NA	NA	NA
NODE_2_length_54278_cov_9516.841027_85	43571	43705	135	1	0.630	11	GGAG/GAGG	NA	NA	NA	0	0	0	1	NA	NA	NA	NA	NA
NODE_2_length_54278_cov_9516.841027_86	43702	43851	150	1	0.613	11	GGAG/GAGG	NA	NA	NA	0	0	0	1	NA	NA	NA	NA	NA
NODE_2_length_54278_cov_9516.841027_87	43999	44184	186	1	0.629	11	GGA/GAG/AGG	NA	NA	NA	0	0	0	1	NA	NA	NA	NA	NA
NODE_2_length_54278_cov_9516.841027_88	44230	44619	390	1	0.610	11	AGGA	NA	NA	NA	0	0	0	1	NA	NA	NA	NA	NA
NODE_2_length_54278_cov_9516.841027_89	44693	44860	168	1	0.601	11	GGA/GAG/AGG	NA	NA	NA	0	0	0	1	NA	NA	NA	NA	NA
NODE_2_length_54278_cov_9516.841027_90	44811	45077	267	1	0.625	11	GGAG/GAGG	NA	NA	NA	0	0	0	1	NA	NA	NA	NA	NA
NODE_2_length_54278_cov_9516.841027_91	45079	45189	111	1	0.622	11	GGA/GAG/AGG	NA	NA	NA	0	0	0	1	NA	NA	NA	NA	NA
NODE_2_length_54278_cov_9516.841027_92	45189	45329	141	1	0.589	11	GGAG/GAGG	NA	NA	NA	0	0	0	1	NA	NA	NA	NA	NA
NODE_2_length_54278_cov_9516.841027_93	45329	45427	99	1	0.566	11	GGAG/GAGG	NA	NA	NA	0	0	0	1	NA	NA	NA	NA	NA
NODE_2_length_54278_cov_9516.841027_94	45640	45744	105	1	0.581	11	GGAG/GAGG	NA	NA	NA	0	0	0	1	NA	NA	NA	NA	NA
NODE_2_length_54278_cov_9516.841027_95	45776	46282	507	1	0.645	11	None	NA	NA	NA	0	0	0	1	NA	NA	NA	NA	NA
NODE_2_length_54278_cov_9516.841027_96	46279	46632	354	1	0.613	11	None	GENOMAD.089841.VV	6.721e-15	72	0	0	0	1246	Caudoviricetes	NA	NA	PF18818	NA
NODE_2_length_54278_cov_9516.841027_97	46684	46902	219	1	0.630	11	GGA/GAG/AGG	NA	NA	NA	0	0	0	1	NA	NA	NA	NA	NA
NODE_2_length_54278_cov_9516.841027_98	46923	48215	1293	1	0.647	11	None	NA	NA	NA	0	0	0	1	NA	NA	NA	NA	NA
NODE_2_length_54278_cov_9516.841027_99	48215	48322	108	1	0.620	11	None	NA	NA	NA	0	0	0	1	NA	NA	NA	NA	NA
NODE_2_length_54278_cov_9516.841027_100	48496	48615	120	1	0.592	11	AGGA	NA	NA	NA	0	0	0	1	NA	NA	NA	NA	NA
NODE_2_length_54278_cov_9516.841027_101	48885	49454	570	-1	0.623	11	GGA/GAG/AGG	NA	NA	NA	0	0	0	1	NA	NA	NA	NA	NA
NODE_2_length_54278_cov_9516.841027_102	49775	51658	1884	1	0.633	11	AGxAG	GENOMAD.170868.VV	5.494e-25	114	0	0	0	1246	Caudoviricetes	NA	NA	PF06977;TIGR03866;COG3391	PQQ-dependent catabolism-associated beta-propeller protein
NODE_2_length_54278_cov_9516.841027_103	51668	52456	789	1	0.572	11	AGGA	GENOMAD.117008.VV	3.658e-24	105	0	0	0	1246	Caudoviricetes	NA	NA	NA	NA
NODE_2_length_54278_cov_9516.841027_104	52458	52856	399	1	0.579	11	GGA/GAG/AGG	GENOMAD.006703.VV	2.062e-07	51	0	0	1	1246	Caudoviricetes	NA	NA	PF16778	Phage tail assembly chaperone protein
NODE_2_length_54278_cov_9516.841027_105	52890	53303	414	1	0.606	11	GGAG/GAGG	GENOMAD.086450.VV	7.377e-31	119	0	0	0	1246	Caudoviricetes	NA	NA	NA	NA
NODE_2_length_54278_cov_9516.841027_106	53300	53629	330	1	0.639	11	None	NA	NA	NA	0	0	0	1	NA	NA	NA	NA	NA
NODE_2_length_54278_cov_9516.841027_107	53629	53838	210	1	0.552	11	None	NA	NA	NA	0	0	0	1	NA	NA	NA	NA	NA
NODE_2_length_54278_cov_9516.841027_108	53863	54276	414	1	0.659	11	AGxAG	GENOMAD.111217.VP	0.0002838	42	0	0	0	1246	Caudoviricetes	NA	NA	NA	NA
NODE_3_length_10214_cov_229.757752_1	2	160	159	1	0.648	11	None	NA	NA	NA	0	0	0	1	NA	NA	NA	NA	NA
NODE_3_length_10214_cov_229.757752_2	157	423	267	1	0.614	11	GGAG/GAGG	GENOMAD.029891.VV	2.374e-06	46	0	0	0	1246	Caudoviricetes	NA	NA	NA	NA
NODE_3_length_10214_cov_229.757752_3	748	1371	624	1	0.603	11	AGGAG	NA	NA	NA	0	0	0	1	NA	NA	NA	NA	NA
NODE_3_length_10214_cov_229.757752_4	1368	1544	177	1	0.621	11	None	NA	NA	NA	0	0	0	1	NA	NA	NA	NA	NA
NODE_3_length_10214_cov_229.757752_5	1547	1882	336	1	0.637	11	AGGA	NA	NA	NA	0	0	0	1	NA	NA	NA	NA	NA
NODE_3_length_10214_cov_229.757752_6	1886	2104	219	1	0.607	11	None	GENOMAD.223967.VP	2.407e-21	88	0	0	0	1246	Caudoviricetes	NA	NA	NA	NA
NODE_3_length_10214_cov_229.757752_7	2101	2466	366	1	0.612	11	GGAGG	NA	NA	NA	0	0	0	1	NA	NA	NA	NA	NA
NODE_3_length_10214_cov_229.757752_8	2469	3068	600	1	0.637	11	None	NA	NA	NA	0	0	0	1	NA	NA	NA	NA	NA
NODE_3_length_10214_cov_229.757752_9	3093	3572	480	1	0.615	11	None	NA	NA	NA	0	0	0	1	NA	NA	NA	NA	NA
NODE_3_length_10214_cov_229.757752_10	3575	3823	249	1	0.631	11	GGAGG	NA	NA	NA	0	0	0	1	NA	NA	NA	NA	NA
NODE_3_length_10214_cov_229.757752_11	3810	4187	378	1	0.579	11	AGGAG	NA	NA	NA	0	0	0	1	NA	NA	NA	NA	NA
NODE_3_length_10214_cov_229.757752_12	4184	4357	174	1	0.609	11	AGGAG	NA	NA	NA	0	0	0	1	NA	NA	NA	NA	NA
NODE_3_length_10214_cov_229.757752_13	4361	4546	186	1	0.613	11	AGGAG	NA	NA	NA	0	0	0	1	NA	NA	NA	NA	NA
NODE_3_length_10214_cov_229.757752_14	4543	4809	267	1	0.588	11	GGAGG	NA	NA	NA	0	0	0	1	NA	NA	NA	NA	NA
NODE_3_length_10214_cov_229.757752_15	4806	5027	222	1	0.599	11	GGAG/GAGG	NA	NA	NA	0	0	0	1	NA	NA	NA	NA	NA
NODE_3_length_10214_cov_229.757752_16	5057	5458	402	1	0.637	11	AGGA	NA	NA	NA	0	0	0	1	NA	NA	NA	NA	NA
NODE_3_length_10214_cov_229.757752_17	5458	5562	105	1	0.638	11	GGAG/GAGG	NA	NA	NA	0	0	0	1	NA	NA	NA	NA	NA
NODE_3_length_10214_cov_229.757752_18	5723	6298	576	1	0.616	11	AGxAG	NA	NA	NA	0	0	0	1	NA	NA	NA	NA	NA
NODE_3_length_10214_cov_229.757752_19	6240	6824	585	-1	0.641	11	None	NA	NA	NA	0	0	0	1	NA	NA	NA	NA	NA
NODE_3_length_10214_cov_229.757752_20	7391	7627	237	1	0.633	11	None	NA	NA	NA	0	0	0	1	NA	NA	NA	NA	NA
NODE_3_length_10214_cov_229.757752_21	7612	8616	1005	1	0.570	11	AGGA	NA	NA	NA	0	0	0	1	NA	NA	NA	NA	NA
NODE_3_length_10214_cov_229.757752_22	8594	9121	528	1	0.608	11	AGGAG	NA	NA	NA	0	0	0	1	NA	NA	NA	NA	NA
NODE_3_length_10214_cov_229.757752_23	9126	9383	258	-1	0.624	11	AGGA	NA	NA	NA	0	0	0	1	NA	NA	NA	NA	NA
NODE_3_length_10214_cov_229.757752_24	9666	10214	549	1	0.654	11	AGGAG	NA	NA	NA	0	0	0	1	NA	NA	NA	NA	NA
NODE_4_length_6625_cov_338.147793_1	2	778	777	1	0.640	11	None	GENOMAD.168721.VV	3.708e-18	87	0	0	0	1246	Caudoviricetes	NA	NA	NA	NA
NODE_4_length_6625_cov_338.147793_2	808	1275	468	1	0.650	11	AGGAG	GENOMAD.119386.VV	1.014e-60	206	0	0	0	1246	Caudoviricetes	NA	NA	PF11071;TIGR03646;COG3613	YtoQ family protein
NODE_4_length_6625_cov_338.147793_3	1615	1902	288	1	0.618	11	None	NA	NA	NA	0	0	0	1	NA	NA	NA	NA	NA
NODE_4_length_6625_cov_338.147793_4	1902	2162	261	1	0.628	11	None	NA	NA	NA	0	0	0	1	NA	NA	NA	NA	NA
NODE_4_length_6625_cov_338.147793_5	2193	3278	1086	-1	0.598	11	GGAG/GAGG	NA	NA	NA	0	0	0	1	NA	NA	NA	NA	NA
NODE_4_length_6625_cov_338.147793_6	3286	3891	606	-1	0.604	11	None	NA	NA	NA	0	0	0	1	NA	NA	NA	NA	NA
NODE_4_length_6625_cov_338.147793_7	4079	5218	1140	1	0.634	11	None	NA	NA	NA	0	0	0	1	NA	NA	NA	NA	NA
NODE_4_length_6625_cov_338.147793_8	5202	5849	648	-1	0.606	11	None	NA	NA	NA	0	0	0	1	NA	NA	NA	NA	NA
NODE_4_length_6625_cov_338.147793_9	5980	6216	237	1	0.523	11	None	NA	NA	NA	0	0	0	1	NA	NA	NA	NA	NA
NODE_4_length_6625_cov_338.147793_10	6226	6612	387	-1	0.625	11	AGxAGG/AGGxGG	GENOMAD.216382.VP	2.479e-30	117	0	0	0	1246	Caudoviricetes	NA	NA	NA	NA
NODE_5_length_6026_cov_3.408977_1	1	150	150	-1	0.607	11	AGGAG	NA	NA	NA	0	0	0	1	NA	NA	NA	NA	NA
NODE_5_length_6026_cov_3.408977_2	147	365	219	-1	0.662	11	GGAG/GAGG	NA	NA	NA	0	0	0	1	NA	NA	NA	NA	NA
NODE_5_length_6026_cov_3.408977_3	615	989	375	-1	0.667	11	AGxAGG/AGGxGG	GENOMAD.108109.VV	3.801e-06	47	0	0	0	1	NA	NA	NA	NA	NA
NODE_5_length_6026_cov_3.408977_4	986	3142	2157	-1	0.684	11	AGGAG	GENOMAD.220503.VP	0.000451	46	0	0	0	1	NA	NA	NA	NA	NA
NODE_5_length_6026_cov_3.408977_5	3139	3630	492	-1	0.657	11	GGA/GAG/AGG	GENOMAD.211873.VP	2.577e-54	188	0	0	0	1246	Caudoviricetes	NA	NA	PF13392	HNH endonuclease
NODE_5_length_6026_cov_3.408977_6	3653	3853	201	-1	0.662	11	GGAG/GAGG	NA	NA	NA	0	0	0	1	NA	NA	NA	NA	NA
NODE_5_length_6026_cov_3.408977_7	3850	4068	219	-1	0.708	11	None	NA	NA	NA	0	0	0	1	NA	NA	NA	NA	NA
NODE_5_length_6026_cov_3.408977_8	4065	4232	168	-1	0.702	11	AGxAGG/AGGxGG	NA	NA	NA	0	0	0	1	NA	NA	NA	NA	NA
NODE_5_length_6026_cov_3.408977_9	4229	4720	492	-1	0.677	11	GGAG/GAGG	GENOMAD.135770.VV	1.04e-06	50	0	0	0	1246	Caudoviricetes	NA	NA	NA	NA
NODE_5_length_6026_cov_3.408977_10	4659	4895	237	-1	0.667	11	None	GENOMAD.099595.VV	2.235e-17	77	0	0	0	1	NA	NA	NA	NA	NA
NODE_5_length_6026_cov_3.408977_11	4989	5270	282	1	0.603	11	None	NA	NA	NA	0	0	0	1	NA	NA	NA	NA	NA
NODE_5_length_6026_cov_3.408977_12	5182	5805	624	-1	0.670	11	GGAG/GAGG	NA	NA	NA	0	0	0	1	NA	NA	NA	NA	NA
NODE_6_length_5550_cov_4.472247_1	3	512	510	1	0.704	11	None	NA	NA	NA	0	0	0	1	NA	NA	NA	NA	NA
NODE_6_length_5550_cov_4.472247_2	630	1001	372	1	0.659	11	GGAG/GAGG	GENOMAD.142246.VV	3.298e-33	125	0	0	0	1	NA	NA	NA	PF07439	NA
NODE_6_length_5550_cov_4.472247_3	998	1129	132	1	0.697	11	None	NA	NA	NA	0	0	0	1	NA	NA	NA	NA	NA
NODE_6_length_5550_cov_4.472247_4	1149	2126	978	-1	0.566	11	None	NA	NA	NA	0	0	0	1	NA	NA	NA	NA	NA
NODE_6_length_5550_cov_4.472247_5	2474	4510	2037	-1	0.565	11	None	NA	NA	NA	0	0	0	1	NA	NA	NA	NA	NA
NODE_6_length_5550_cov_4.472247_6	4709	5431	723	-1	0.668	11	None	NA	NA	NA	0	0	0	1	NA	NA	NA	NA	NA
NODE_7_length_5424_cov_966.394301_1	50	1249	1200	-1	0.616	11	None	NA	NA	NA	0	0	0	1	NA	NA	NA	NA	NA
NODE_7_length_5424_cov_966.394301_2	1442	1987	546	-1	0.621	11	None	NA	NA	NA	0	0	0	1	NA	NA	NA	NA	NA
NODE_7_length_5424_cov_966.394301_3	1991	3295	1305	-1	0.647	11	None	NA	NA	NA	0	0	0	1	NA	NA	NA	NA	NA
NODE_7_length_5424_cov_966.394301_4	3380	4672	1293	-1	0.651	11	None	GENOMAD.068126.VV	3.799e-07	55	0	0	1	1	NA	NA	NA	PF17182;PF16463;COG2755	OSK domain; Phage tail tube protein family
NODE_7_length_5424_cov_966.394301_5	4694	4966	273	-1	0.630	11	None	NA	NA	NA	0	0	0	1	NA	NA	NA	NA	NA
NODE_7_length_5424_cov_966.394301_6	4963	5316	354	-1	0.619	11	None	GENOMAD.089841.VV	8.125e-13	66	0	0	0	1246	Caudoviricetes	NA	NA	PF18818	NA
NODE_7_length_5424_cov_966.394301_7	5313	5423	111	-1	0.667	11	None	NA	NA	NA	0	0	0	1	NA	NA	NA	NA	NA
NODE_9_length_4132_cov_368.886191_1	250	342	93	-1	0.667	11	GGAGG	NA	NA	NA	0	0	0	1	NA	NA	NA	NA	NA
NODE_9_length_4132_cov_368.886191_2	424	612	189	-1	0.677	11	GGAG/GAGG	NA	NA	NA	0	0	0	1	NA	NA	NA	NA	NA
NODE_9_length_4132_cov_368.886191_3	699	1106	408	1	0.706	11	GGA/GAG/AGG	GENOMAD.195461.VP	5.252e-06	47	0	0	1	1246	Caudoviricetes	NA	NA	PF05766;COG4338	Bacteriophage Lambda NinG protein
NODE_9_length_4132_cov_368.886191_4	1479	1748	270	-1	0.667	11	GGAG/GAGG	NA	NA	NA	0	0	0	1	NA	NA	NA	NA	NA
NODE_9_length_4132_cov_368.886191_5	1899	2081	183	-1	0.563	11	GGA/GAG/AGG	NA	NA	NA	0	0	0	1	NA	NA	NA	NA	NA
NODE_9_length_4132_cov_368.886191_6	2525	2704	180	1	0.639	11	None	NA	NA	NA	0	0	0	1	NA	NA	NA	NA	NA
NODE_9_length_4132_cov_368.886191_7	2710	3309	600	-1	0.647	11	None	NA	NA	NA	0	0	0	1	NA	NA	NA	NA	NA
NODE_9_length_4132_cov_368.886191_8	3347	3688	342	-1	0.649	11	GGAG/GAGG	GENOMAD.225706.VP	7.691e-44	155	0	0	0	1	NA	NA	NA	NA	NA
NODE_9_length_4132_cov_368.886191_9	3730	3993	264	-1	0.625	11	GGA/GAG/AGG	NA	NA	NA	0	0	0	1	NA	NA	NA	NA	NA
NODE_10_length_4082_cov_3.244599_1	2	91	90	-1	0.611	11	GGA/GAG/AGG	NA	NA	NA	0	0	0	1	NA	NA	NA	NA	NA
NODE_10_length_4082_cov_3.244599_2	95	487	393	-1	0.628	11	None	NA	NA	NA	0	0	0	1	NA	NA	NA	NA	NA
NODE_10_length_4082_cov_3.244599_3	487	909	423	-1	0.589	11	AGGA	GENOMAD.054065.VV	1.311e-42	153	0	0	1	1246	Caudoviricetes	NA	NA	PF06199;TIGR02126;COG5437	phage major tail protein, TP901-1 family
NODE_10_length_4082_cov_3.244599_4	969	1469	501	-1	0.665	11	GGAG/GAGG	GENOMAD.088470.VV	3.701e-43	156	0	0	0	7757	Hiyaavirus	NA	NA	NA	NA
NODE_10_length_4082_cov_3.244599_5	1510	1926	417	-1	0.655	11	GGA/GAG/AGG	GENOMAD.092143.VV	2.337e-18	83	0	0	1	1246	Caudoviricetes	NA	NA	PF11367	NA
NODE_10_length_4082_cov_3.244599_6	1926	2303	378	-1	0.669	11	GGAG/GAGG	GENOMAD.220829.VP	6.399e-10	58	0	0	0	1246	Caudoviricetes	NA	NA	PF05354	Phage Head-Tail Attachment
NODE_10_length_4082_cov_3.244599_7	2306	2722	417	-1	0.650	11	AGxAGG/AGGxGG	NA	NA	NA	0	0	0	1	NA	NA	NA	NA	NA
NODE_10_length_4082_cov_3.244599_8	2724	3044	321	-1	0.657	11	None	GENOMAD.162363.VP	1.93e-15	73	0	0	1	1246	Caudoviricetes	NA	NA	PF23148	Podophage GP4 fiber-tail adaptor protein gp77
NODE_10_length_4082_cov_3.244599_9	3044	3748	705	-1	0.655	11	GGA/GAG/AGG	GENOMAD.080842.VV	3.365e-38	145	0	0	1	1246	Caudoviricetes	NA	NA	PF05135;TIGR02215	phage conserved hypothetical protein, phiE125 gp8 family
NODE_10_length_4082_cov_3.244599_10	3779	4081	303	-1	0.673	11	None	NA	NA	NA	0	0	0	1	NA	NA	NA	NA	NA
NODE_11_length_3975_cov_5.358163_1	2	82	81	-1	0.642	11	None	NA	NA	NA	0	0	0	1	NA	NA	NA	NA	NA
NODE_11_length_3975_cov_5.358163_2	181	324	144	-1	0.681	11	GGA/GAG/AGG	NA	NA	NA	0	0	0	1	NA	NA	NA	NA	NA
NODE_11_length_3975_cov_5.358163_3	417	2477	2061	1	0.646	11	GGA/GAG/AGG	GENOMAD.024815.VV	2.081e-11	70	0	0	0	1	NA	NA	NA	NA	NA
NODE_11_length_3975_cov_5.358163_4	2342	2980	639	-1	0.665	11	None	NA	NA	NA	0	0	0	1	NA	NA	NA	NA	NA
NODE_11_length_3975_cov_5.358163_5	3228	3800	573	1	0.640	11	None	GENOMAD.084020.VV	1.686e-26	109	0	0	0	1246	Caudoviricetes	NA	NA	NA	NA
NODE_11_length_3975_cov_5.358163_6	3800	3973	174	1	0.621	11	None	GENOMAD.083007.VV	2.165e-09	53	0	0	0	1246	Caudoviricetes	NA	NA	PF22262	NA
NODE_12_length_3874_cov_400.364231_1	2	151	150	1	0.593	11	None	NA	NA	NA	0	0	0	1	NA	NA	NA	NA	NA
NODE_12_length_3874_cov_400.364231_2	138	299	162	1	0.586	11	None	NA	NA	NA	0	0	0	1	NA	NA	NA	NA	NA
NODE_12_length_3874_cov_400.364231_3	296	463	168	1	0.595	11	None	NA	NA	NA	0	0	0	1	NA	NA	NA	NA	NA
NODE_12_length_3874_cov_400.364231_4	1758	2000	243	1	0.617	11	GGAGG	NA	NA	NA	0	0	0	1	NA	NA	NA	NA	NA
NODE_12_length_3874_cov_400.364231_5	2226	3437	1212	1	0.631	11	None	NA	NA	NA	0	0	0	1	NA	NA	NA	NA	NA
NODE_12_length_3874_cov_400.364231_6	3656	3874	219	1	0.671	11	GGAG/GAGG	NA	NA	NA	0	0	0	1	NA	NA	NA	NA	NA
NODE_13_length_3054_cov_3.961320_1	30	392	363	-1	0.669	11	None	GENOMAD.221055.VP	1.405e-07	51	0	0	0	1246	Caudoviricetes	NA	NA	TIGR02646	NA
NODE_13_length_3054_cov_3.961320_2	556	1185	630	-1	0.640	11	GGAG/GAGG	NA	NA	NA	0	0	0	1	NA	NA	NA	NA	NA
NODE_13_length_3054_cov_3.961320_3	1188	2339	1152	-1	0.656	11	GGA/GAG/AGG	GENOMAD.169158.VP	2.774e-104	344	0	0	0	1246	Caudoviricetes	NA	NA	PF13730;COG5529;TIGR04548	Pyocin large subunit
NODE_13_length_3054_cov_3.961320_4	2502	2741	240	-1	0.667	11	GGA/GAG/AGG	NA	NA	NA	0	0	0	1	NA	NA	NA	NA	NA
NODE_13_length_3054_cov_3.961320_5	2731	3054	324	-1	0.750	11	None	NA	NA	NA	0	0	0	1	NA	NA	NA	NA	NA
NODE_14_length_2882_cov_9.691900_1	1	2229	2229	-1	0.609	11	GGAG/GAGG	NA	NA	NA	0	0	0	1	NA	NA	NA	NA	NA
NODE_14_length_2882_cov_9.691900_2	2432	2707	276	-1	0.569	11	None	GENOMAD.171929.VC	2.673e-06	46	0	0	1	1246	Caudoviricetes	NA	NA	PF10109	Phage tail assembly chaperone proteins, E, or 41 or 14
NODE_14_length_2882_cov_9.691900_3	2786	2881	96	-1	0.562	11	None	NA	NA	NA	0	0	0	1	NA	NA	NA	NA	NA
NODE_15_length_2709_cov_1509.564054_1	1	219	219	-1	0.616	11	None	GENOMAD.086450.VV	7.83e-11	58	0	0	0	1246	Caudoviricetes	NA	NA	NA	NA
NODE_15_length_2709_cov_1509.564054_2	234	725	492	-1	0.593	11	None	GENOMAD.166228.VP	3.911e-23	98	0	0	0	1246	Caudoviricetes	NA	NA	NA	NA
NODE_15_length_2709_cov_1509.564054_3	716	1324	609	-1	0.639	11	None	NA	NA	NA	0	0	0	1	NA	NA	NA	NA	NA
NODE_15_length_2709_cov_1509.564054_4	1324	2640	1317	-1	0.636	11	AGxAG	GENOMAD.014890.VV	1.449e-14	79	0	0	0	1	NA	NA	NA	NA	NA
NODE_16_length_2709_cov_5.069706_1	2	259	258	1	0.694	11	None	NA	NA	NA	0	0	0	1	NA	NA	NA	NA	NA
NODE_16_length_2709_cov_5.069706_2	252	1745	1494	1	0.616	11	None	GENOMAD.048695.VV	1.419e-39	158	0	0	0	1246	Caudoviricetes	NA	NA	NA	NA
NODE_16_length_2709_cov_5.069706_3	1778	2707	930	1	0.623	11	GGA/GAG/AGG	GENOMAD.154899.VC	9.364e-62	217	0	0	0	1246	Caudoviricetes	NA	NA	NA	NA
NODE_17_length_2646_cov_4.914319_1	2	1168	1167	1	0.668	11	None	GENOMAD.038338.VV	2.079e-14	78	0	0	0	1246	Caudoviricetes	NA	NA	COG3392	NA
NODE_17_length_2646_cov_4.914319_2	1176	2645	1470	1	0.641	11	None	GENOMAD.178006.VP	6.345e-43	168	0	0	1	1246	Caudoviricetes	NA	NA	PF20441;PF03354;COG4626;TIGR01547	Phage terminase-like protein, large subunit, contains N-terminal HTH domain
NODE_20_length_2131_cov_4.066474_1	1	513	513	-1	0.622	11	AGGA	GENOMAD.096083.VP	1.782e-16	79	0	0	0	1246	Caudoviricetes	NA	NA	PF00574;K01358;TIGR00493;COG0740	ATP-dependent Clp endopeptidase, proteolytic subunit ClpP
NODE_20_length_2131_cov_4.066474_2	510	1847	1338	-1	0.641	11	None	GENOMAD.162059.VP	1.49e-27	120	0	0	1	1246	Caudoviricetes	NA	NA	PF04860;TIGR01537;COG4695	phage portal protein, HK97 family
NODE_20_length_2131_cov_4.066474_3	1844	2131	288	-1	0.628	11	None	GENOMAD.159591.VP	7.693e-05	42	0	0	0	1246	Caudoviricetes	NA	NA	NA	NA
NODE_23_length_1744_cov_4.910598_1	3	263	261	1	0.736	11	None	NA	NA	NA	0	0	0	1	NA	NA	NA	NA	NA
NODE_23_length_1744_cov_4.910598_2	211	1590	1380	1	0.642	11	None	GENOMAD.090434.VV	1.457e-51	193	0	0	1	1246	Caudoviricetes	NA	NA	PF05065;TIGR01554;COG4653	phage major capsid protein, HK97 family
NODE_23_length_1744_cov_4.910598_3	1683	1742	60	1	0.583	11	AGGAG	NA	NA	NA	0	0	0	1	NA	NA	NA	NA	NA
NODE_25_length_1648_cov_10.849969_1	1	1101	1101	-1	0.635	11	GGAG/GAGG	GENOMAD.209614.VP	3.276e-22	102	0	0	1	1246	Caudoviricetes	NA	NA	PF05954;K06905;COG3500;TIGR03361	Phage protein D
NODE_25_length_1648_cov_10.849969_2	1283	1504	222	-1	0.572	11	None	GENOMAD.159179.VP	1.754e-10	57	0	0	1	1246	Caudoviricetes	NA	NA	COG5004;K06370	P2-like prophage tail protein X
NODE_25_length_1648_cov_10.849969_3	1504	1647	144	-1	0.611	11	None	NA	NA	NA	0	0	0	1	NA	NA	NA	NA	NA
NODE_27_length_1486_cov_11256.461915_1	1	690	690	-1	0.628	11	AGGA/GGAG/GAGG	GENOMAD.126233.VP	2e-15	78	0	0	0	1246	Caudoviricetes	NA	NA	TIGR02218;COG5449	phage conserved hypothetical protein BR0599
NODE_27_length_1486_cov_11256.461915_2	711	1484	774	-1	0.632	11	None	GENOMAD.097639.VV	2.723e-28	117	0	0	1	1246	Caudoviricetes	NA	NA	PF17289;TIGR01630;COG5362	phage uncharacterized protein (putative large terminase), C-terminal domain
NODE_28_length_1486_cov_10796.485674_1	1	690	690	-1	0.638	11	AGGA/GGAG/GAGG	GENOMAD.126233.VP	4.184e-17	83	0	0	0	1246	Caudoviricetes	NA	NA	TIGR02218;COG5449	phage conserved hypothetical protein BR0599
NODE_28_length_1486_cov_10796.485674_2	711	1484	774	-1	0.633	11	None	GENOMAD.097639.VV	2.723e-28	117	0	0	1	1246	Caudoviricetes	NA	NA	PF17289;TIGR01630;COG5362	phage uncharacterized protein (putative large terminase), C-terminal domain
NODE_31_length_1158_cov_16051.297371_1	3	743	741	-1	0.629	11	None	GENOMAD.023991.VV	1.912e-29	120	0	0	1	1246	Caudoviricetes	NA	NA	COG5410	Mu-like prophage FluMu protein gp28
NODE_31_length_1158_cov_16051.297371_2	1036	1158	123	-1	0.602	11	None	NA	NA	NA	0	0	0	1	NA	NA	NA	NA	NA
NODE_40_length_654_cov_2.998331_1	2	304	303	1	0.657	11	None	GENOMAD.220996.VP	8.011e-22	91	0	0	1	1	NA	NA	NA	PF05119;COG3747;TIGR01558	Phage terminase, small subunit
NODE_40_length_654_cov_2.998331_2	288	653	366	1	0.664	11	None	GENOMAD.159709.VV	3.826e-05	44	0	0	0	1246	Caudoviricetes	NA	NA	NA	NA
NODE_44_length_477_cov_19945.443128_1	3	476	474	-1	0.624	11	None	GENOMAD.039747.VV	3.546e-11	63	0	0	1	1246	Caudoviricetes	NA	NA	PF13264;TIGR01538	phage portal protein, SPP1 family
